source name	characteristics[organism]	characteristics[organism part]	characteristics[disease]	characteristics[age]	characteristics[sex]	characteristics[individual]	characteristics[pooled sample]	characteristics[sample type]	characteristics[biological replicate]	assay name	technology type	comment[proteomics data acquisition method]	comment[label]	comment[instrument]	comment[cleavage agent details]	comment[technical replicate]	comment[fraction identifier]	comment[data file]	comment[sdrf version]	comment[sdrf template]	comment[sdrf template]	comment[sdrf annotation tool]	comment[annotation provenance]	factor value[host disease status]
20160805_SC_SWATH_i502_5uL	Ovis aries	Blood serum	not available	adult	male	SCi502	not pooled	study sample	1	20160805_SC_SWATH_i502_5uL	proteomic profiling by mass spectrometry	Data-independent acquisition	NT=label free sample;AC=MS:1002038	NT=TripleTOF 5600;AC=MS:1000932	NT=Trypsin;AC=MS:1001251	1	1	20160805_SC_SWATH_i502_5uL.wiff	v1.1.0	NT=ms-proteomics;VV=v1.1.0	NT=dia-acquisition;VV=v1.1.0	NT=sdrf-skeleton-gen;VV=v1.0.0	PRIDE PXD005077 and author F1000Research supplement Additional file 1 link SCi502-510 to seven clinical animals; supplemental notes identify SCi511 as pooled ill-serum and SCi512 as pooled healthy control (20 sheep). Clinical signs are not promoted to specific diagnoses. TripleTOF 5600+ SWATH acquisition is described in the article.	sick sheep
20160805_SC_SWATH_i503	Ovis aries	Blood serum	not available	adult	female	SCi503	not pooled	study sample	1	20160805_SC_SWATH_i503	proteomic profiling by mass spectrometry	Data-independent acquisition	NT=label free sample;AC=MS:1002038	NT=TripleTOF 5600;AC=MS:1000932	NT=Trypsin;AC=MS:1001251	1	1	20160805_SC_SWATH_i503.wiff	v1.1.0	NT=ms-proteomics;VV=v1.1.0	NT=dia-acquisition;VV=v1.1.0	NT=sdrf-skeleton-gen;VV=v1.0.0	PRIDE PXD005077 and author F1000Research supplement Additional file 1 link SCi502-510 to seven clinical animals; supplemental notes identify SCi511 as pooled ill-serum and SCi512 as pooled healthy control (20 sheep). Clinical signs are not promoted to specific diagnoses. TripleTOF 5600+ SWATH acquisition is described in the article.	sick sheep
20160805_SC_SWATH_i504	Ovis aries	Blood serum	not available	not available	female	SCi504	not pooled	study sample	1	20160805_SC_SWATH_i504	proteomic profiling by mass spectrometry	Data-independent acquisition	NT=label free sample;AC=MS:1002038	NT=TripleTOF 5600;AC=MS:1000932	NT=Trypsin;AC=MS:1001251	1	1	20160805_SC_SWATH_i504.wiff	v1.1.0	NT=ms-proteomics;VV=v1.1.0	NT=dia-acquisition;VV=v1.1.0	NT=sdrf-skeleton-gen;VV=v1.0.0	PRIDE PXD005077 and author F1000Research supplement Additional file 1 link SCi502-510 to seven clinical animals; supplemental notes identify SCi511 as pooled ill-serum and SCi512 as pooled healthy control (20 sheep). Clinical signs are not promoted to specific diagnoses. TripleTOF 5600+ SWATH acquisition is described in the article.	sick sheep
20160805_SC_SWATH_i507	Ovis aries	Blood serum	not available	adult	male	SCi507	not pooled	study sample	1	20160805_SC_SWATH_i507	proteomic profiling by mass spectrometry	Data-independent acquisition	NT=label free sample;AC=MS:1002038	NT=TripleTOF 5600;AC=MS:1000932	NT=Trypsin;AC=MS:1001251	1	1	20160805_SC_SWATH_i507.wiff	v1.1.0	NT=ms-proteomics;VV=v1.1.0	NT=dia-acquisition;VV=v1.1.0	NT=sdrf-skeleton-gen;VV=v1.0.0	PRIDE PXD005077 and author F1000Research supplement Additional file 1 link SCi502-510 to seven clinical animals; supplemental notes identify SCi511 as pooled ill-serum and SCi512 as pooled healthy control (20 sheep). Clinical signs are not promoted to specific diagnoses. TripleTOF 5600+ SWATH acquisition is described in the article.	sick sheep
20160805_SC_SWATH_i508	Ovis aries	Blood serum	not available	not available	female	SCi508	not pooled	study sample	1	20160805_SC_SWATH_i508	proteomic profiling by mass spectrometry	Data-independent acquisition	NT=label free sample;AC=MS:1002038	NT=TripleTOF 5600;AC=MS:1000932	NT=Trypsin;AC=MS:1001251	1	1	20160805_SC_SWATH_i508.wiff	v1.1.0	NT=ms-proteomics;VV=v1.1.0	NT=dia-acquisition;VV=v1.1.0	NT=sdrf-skeleton-gen;VV=v1.0.0	PRIDE PXD005077 and author F1000Research supplement Additional file 1 link SCi502-510 to seven clinical animals; supplemental notes identify SCi511 as pooled ill-serum and SCi512 as pooled healthy control (20 sheep). Clinical signs are not promoted to specific diagnoses. TripleTOF 5600+ SWATH acquisition is described in the article.	sick sheep
20160805_SC_SWATH_i509	Ovis aries	Blood serum	not available	8Y	male	SCi509	not pooled	study sample	1	20160805_SC_SWATH_i509	proteomic profiling by mass spectrometry	Data-independent acquisition	NT=label free sample;AC=MS:1002038	NT=TripleTOF 5600;AC=MS:1000932	NT=Trypsin;AC=MS:1001251	1	1	20160805_SC_SWATH_i509.wiff	v1.1.0	NT=ms-proteomics;VV=v1.1.0	NT=dia-acquisition;VV=v1.1.0	NT=sdrf-skeleton-gen;VV=v1.0.0	PRIDE PXD005077 and author F1000Research supplement Additional file 1 link SCi502-510 to seven clinical animals; supplemental notes identify SCi511 as pooled ill-serum and SCi512 as pooled healthy control (20 sheep). Clinical signs are not promoted to specific diagnoses. TripleTOF 5600+ SWATH acquisition is described in the article.	sick sheep
20160805_SC_SWATH_i510	Ovis aries	Blood serum	not available	lamb	female	SCi510	not pooled	study sample	1	20160805_SC_SWATH_i510	proteomic profiling by mass spectrometry	Data-independent acquisition	NT=label free sample;AC=MS:1002038	NT=TripleTOF 5600;AC=MS:1000932	NT=Trypsin;AC=MS:1001251	1	1	20160805_SC_SWATH_i510.wiff	v1.1.0	NT=ms-proteomics;VV=v1.1.0	NT=dia-acquisition;VV=v1.1.0	NT=sdrf-skeleton-gen;VV=v1.0.0	PRIDE PXD005077 and author F1000Research supplement Additional file 1 link SCi502-510 to seven clinical animals; supplemental notes identify SCi511 as pooled ill-serum and SCi512 as pooled healthy control (20 sheep). Clinical signs are not promoted to specific diagnoses. TripleTOF 5600+ SWATH acquisition is described in the article.	sick sheep
20160805_SC_SWATH_i511	Ovis aries	Blood serum	not available	not available	not available	not available	pooled	study sample	pooled	20160805_SC_SWATH_i511	proteomic profiling by mass spectrometry	Data-independent acquisition	NT=label free sample;AC=MS:1002038	NT=TripleTOF 5600;AC=MS:1000932	NT=Trypsin;AC=MS:1001251	1	1	20160805_SC_SWATH_i511.wiff	v1.1.0	NT=ms-proteomics;VV=v1.1.0	NT=dia-acquisition;VV=v1.1.0	NT=sdrf-skeleton-gen;VV=v1.0.0	PRIDE PXD005077 and author F1000Research supplement Additional file 1 link SCi502-510 to seven clinical animals; supplemental notes identify SCi511 as pooled ill-serum and SCi512 as pooled healthy control (20 sheep). Clinical signs are not promoted to specific diagnoses. TripleTOF 5600+ SWATH acquisition is described in the article.	sick sheep
20160805_SC_SWATH_i512	Ovis aries	Blood serum	normal	not available	not available	not available	pooled	control sample	pooled	20160805_SC_SWATH_i512	proteomic profiling by mass spectrometry	Data-independent acquisition	NT=label free sample;AC=MS:1002038	NT=TripleTOF 5600;AC=MS:1000932	NT=Trypsin;AC=MS:1001251	1	1	20160805_SC_SWATH_i512.wiff	v1.1.0	NT=ms-proteomics;VV=v1.1.0	NT=dia-acquisition;VV=v1.1.0	NT=sdrf-skeleton-gen;VV=v1.0.0	PRIDE PXD005077 and author F1000Research supplement Additional file 1 link SCi502-510 to seven clinical animals; supplemental notes identify SCi511 as pooled ill-serum and SCi512 as pooled healthy control (20 sheep). Clinical signs are not promoted to specific diagnoses. TripleTOF 5600+ SWATH acquisition is described in the article.	healthy sheep
